mapped_veh_id,timestamps_utc,lat,lon,prev_time,time_diff_minutes,prev_lat,prev_lon,distance_km,speed_kmh,status
102,2023-02-02 07:17:13,50.9354241,3.7784644,2023-02-02 07:17:09,0.06666666666666667,50.9268494,3.7836389,1.0209189024485537,918.8270122036982,Anomaly
102,2023-02-02 07:18:14,50.9354241,3.7784644,2023-02-02 07:18:09,0.08333333333333333,50.9189057,3.7920241,2.07019884124523,1490.5431656965657,Anomaly
102,2023-02-02 07:19:14,50.9354241,3.7784644,2023-02-02 07:19:09,0.08333333333333333,50.9185508,3.7923275,2.115069859715292,1522.8502989950105,Anomaly
102,2023-02-02 07:20:14,50.9354241,3.7784644,2023-02-02 07:20:09,0.08333333333333333,50.9130409,3.796957,2.809101318592532,2022.5529493866234,Anomaly
102,2023-02-02 07:21:12,50.9027883,3.804649,2023-02-02 07:21:08,0.06666666666666667,50.9354241,3.7784644,4.070847844205254,3663.7630597847283,Anomaly
102,2023-02-02 07:22:07,50.9354241,3.7784644,2023-02-02 07:21:12,0.9166666666666666,50.9027883,3.804649,4.070847844205254,266.45549525707116,Anomaly
102,2023-02-02 07:22:13,50.8989588,3.8068574,2023-02-02 07:22:07,0.1,50.9354241,3.7784644,4.52139844803652,2712.839068821912,Anomaly
102,2023-02-02 07:23:08,50.9354241,3.7784644,2023-02-02 07:22:13,0.9166666666666666,50.8989588,3.8068574,4.52139844803652,295.94608023511773,Anomaly
102,2023-02-02 07:23:13,50.8948327,3.8091974,2023-02-02 07:23:08,0.08333333333333333,50.9354241,3.7784644,5.006241946327292,3604.494201355651,Anomaly
102,2023-02-02 07:24:08,50.9354241,3.7784644,2023-02-02 07:23:13,0.9166666666666666,50.8948327,3.8091974,5.006241946327292,327.68129103233184,Anomaly
102,2023-02-02 07:24:12,50.8832277,3.8117313,2023-02-02 07:24:08,0.06666666666666667,50.9354241,3.7784644,6.260359590196394,5634.323631176755,Anomaly
102,2023-02-02 07:25:08,50.9354241,3.7784644,2023-02-02 07:24:12,0.9333333333333333,50.8832277,3.8117313,6.260359590196394,402.4516879411968,Anomaly
102,2023-02-02 07:25:13,50.8753382,3.8141545,2023-02-02 07:25:08,0.08333333333333333,50.9354241,3.7784644,7.140226291592868,5140.962929946866,Anomaly
102,2023-02-02 07:26:11,50.9354241,3.7784644,2023-02-02 07:25:13,0.9666666666666667,50.8753382,3.8141545,7.140226291592868,443.18645947817805,Anomaly
102,2023-02-02 07:26:16,50.8706763,3.8148833,2023-02-02 07:26:11,0.08333333333333333,50.9354241,3.7784644,7.6449786620518845,5504.384636677358,Anomaly
102,2023-02-02 07:27:11,50.9354241,3.7784644,2023-02-02 07:26:16,0.9166666666666666,50.8706763,3.8148833,7.6449786620518845,500.39860333430516,Anomaly
102,2023-02-02 07:27:16,50.8687683,3.8143799,2023-02-02 07:27:11,0.08333333333333333,50.9354241,3.7784644,7.833810561268454,5640.343604113287,Anomaly
102,2023-02-02 07:28:12,50.9354241,3.7784644,2023-02-02 07:27:16,0.9333333333333333,50.8687683,3.8143799,7.833810561268454,503.6021075101149,Anomaly
102,2023-02-02 07:28:16,50.868783,3.8143672,2023-02-02 07:28:12,0.06666666666666667,50.9354241,3.7784644,7.83197438233168,7048.776944098512,Anomaly
102,2023-03-02 06:55:58,50.9519751,3.7803844,2023-03-02 06:55:35,0.38333333333333336,50.9400282,3.7770388,1.3496976723449707,211.25702697573453,Anomaly
102,2023-03-02 06:56:58,50.9519751,3.7803844,2023-03-02 06:56:38,0.3333333333333333,50.9354216,3.7784597,1.846492175082378,332.3685915148281,Anomaly
102,2023-03-02 06:57:58,50.9519751,3.7803844,2023-03-02 06:57:38,0.3333333333333333,50.9351283,3.7785427,1.8786238593136506,338.15229467645713,Anomaly
102,2023-03-02 06:58:38,50.9284562,3.7816123,2023-03-02 06:57:58,0.6666666666666666,50.9519751,3.7803844,2.6178332609911843,235.6049934892066,Anomaly
102,2023-03-02 06:58:51,50.9519751,3.7803844,2023-03-02 06:58:38,0.21666666666666667,50.9284562,3.7816123,2.6178332609911843,724.938441505251,Anomaly
102,2023-03-02 06:59:38,50.9206998,3.7905172,2023-03-02 06:58:51,0.7833333333333333,50.9519751,3.7803844,3.551444228116784,272.0255153451154,Anomaly
102,2023-03-02 06:59:51,50.9519751,3.7803844,2023-03-02 06:59:38,0.21666666666666667,50.9206998,3.7905172,3.551444228116784,983.4768631708017,Anomaly
102,2023-03-02 07:00:39,50.9181859,3.7926456,2023-03-02 06:59:51,0.8,50.9519751,3.7803844,3.856498136653173,289.23736024898795,Anomaly
102,2023-03-02 07:00:51,50.9519751,3.7803844,2023-03-02 07:00:39,0.2,50.9181859,3.7926456,3.856498136653173,1156.9494409959518,Anomaly
102,2023-03-02 07:01:42,50.9180819,3.792728,2023-03-02 07:00:51,0.85,50.9519751,3.7803844,3.8690711306185253,273.11090333777827,Anomaly
102,2023-03-02 07:01:52,50.9519751,3.7803844,2023-03-02 07:01:42,0.16666666666666666,50.9180819,3.792728,3.8690711306185253,1392.8656070226693,Anomaly
102,2023-03-02 07:02:41,50.9111914,3.7985229,2023-03-02 07:01:52,0.8166666666666667,50.9519751,3.7803844,4.712849736764869,346.25018474190875,Anomaly
102,2023-03-02 07:02:52,50.9519751,3.7803844,2023-03-02 07:02:41,0.18333333333333332,50.9111914,3.7985229,4.712849736764869,1542.3871865775936,Anomaly
102,2023-03-02 07:03:42,50.8998233,3.8063555,2023-03-02 07:02:52,0.8333333333333334,50.9519751,3.7803844,6.082295874431352,437.92530295905726,Anomaly
102,2023-03-02 07:03:55,50.9519751,3.7803844,2023-03-02 07:03:42,0.21666666666666667,50.8998233,3.8063555,6.082295874431352,1684.3280883040666,Anomaly
102,2023-03-02 07:04:42,50.8985275,3.8070992,2023-03-02 07:03:55,0.7833333333333333,50.9519751,3.7803844,6.235508676716343,477.6134305569965,Anomaly
102,2023-03-02 07:04:54,50.9519751,3.7803844,2023-03-02 07:04:42,0.2,50.8985275,3.8070992,6.235508676716343,1870.6526030149028,Anomaly
102,2023-03-02 07:05:42,50.8941851,3.8095711,2023-03-02 07:04:54,0.8,50.9519751,3.7803844,6.748559588184633,506.14196911384744,Anomaly
102,2023-03-02 07:05:55,50.9519751,3.7803844,2023-03-02 07:05:42,0.21666666666666667,50.8941851,3.8095711,6.748559588184633,1868.8318859588212,Anomaly
102,2023-03-02 07:06:35,50.8831637,3.8117467,2023-03-02 07:05:55,0.6666666666666666,50.9519751,3.7803844,7.966410767430408,716.9769690687368,Anomaly
102,2023-03-07 17:39:21,50.8486387,3.5987682,2023-03-07 17:39:16,0.08333333333333333,50.8370002,3.6044388,1.3549339828841713,975.5524676766034,Anomaly
102,2023-03-07 17:40:22,50.8486387,3.5987682,2023-03-07 17:40:16,0.1,50.8260681,3.6112325,2.6599601572560876,1595.9760943536523,Anomaly
102,2023-03-07 17:41:16,50.8101094,3.6172571,2023-03-07 17:40:22,0.9,50.8486387,3.5987682,4.479765026927762,298.6510017951841,Anomaly
102,2023-03-07 17:41:21,50.8486387,3.5987682,2023-03-07 17:41:16,0.08333333333333333,50.8101094,3.6172571,4.479765026927762,3225.430819387989,Anomaly
102,2023-03-07 17:42:17,50.7929286,3.620697,2023-03-07 17:41:21,0.9333333333333333,50.8486387,3.5987682,6.387205621881934,410.60607569241006,Anomaly
102,2023-03-13 09:41:46,51.015794699999994,3.7753464,2023-03-13 09:41:38,0.13333333333333333,51.0215597,3.7632453,1.0641175429713048,478.85289433708715,Anomaly
102,2023-03-13 09:41:48,51.0215597,3.7632453,2023-03-13 09:41:46,0.03333333333333333,51.015794699999994,3.7753464,1.0641175429713048,1915.4115773483486,Anomaly
102,2023-03-13 09:42:06,51.0157902,3.775334,2023-03-13 09:41:48,0.3,51.0215597,3.7632453,1.0637253917301874,212.74507834603747,Anomaly
102,2023-03-13 09:42:12,51.0215597,3.7632453,2023-03-13 09:42:06,0.1,51.0157902,3.775334,1.0637253917301874,638.2352350381124,Anomaly
102,2023-03-13 09:43:11,51.0215597,3.7632453,2023-03-13 09:43:06,0.08333333333333333,51.0158008,3.7752827,1.0601439398693484,763.3036367059309,Anomaly
102,2023-03-13 09:44:12,51.0215597,3.7632453,2023-03-13 09:44:10,0.03333333333333333,51.0157568,3.7752954,1.063817709814573,1914.8718776662313,Anomaly
102,2023-03-13 09:45:12,51.0215597,3.7632453,2023-03-13 09:45:09,0.05,51.0157631,3.7752926,1.063236279366276,1275.883535239531,Anomaly
102,2023-03-13 09:46:11,51.0215597,3.7632453,2023-03-13 09:46:09,0.03333333333333333,51.0157505,3.7753492,1.0672450386626646,1921.0410695927962,Anomaly
102,2023-03-13 09:47:15,51.0215597,3.7632453,2023-03-13 09:47:10,0.08333333333333333,51.0157588,3.7753494,1.0666972670693404,768.0220322899252,Anomaly
102,2023-03-13 09:48:15,51.0215597,3.7632453,2023-03-13 09:48:10,0.08333333333333333,51.0157582,3.7753268,1.0654754451804314,767.1423205299106,Anomaly
102,2023-03-13 09:49:15,51.0215597,3.7632453,2023-03-13 09:49:03,0.2,51.0157564,3.7753487,1.066819732691967,320.0459198075901,Anomaly
102,2023-03-13 09:50:15,51.0215597,3.7632453,2023-03-13 09:50:03,0.2,51.0157525,3.7753246,1.0657369410331505,319.72108230994513,Anomaly
102,2023-03-13 09:51:15,51.0215597,3.7632453,2023-03-13 09:51:03,0.2,51.0157183,3.7753774,1.0709904705172975,321.2971411551892,Anomaly
102,2023-03-13 09:52:06,51.0215597,3.7632453,2023-03-13 09:52:04,0.03333333333333333,51.0157412,3.7753563,1.0682682140048025,1922.8827852086445,Anomaly
102,2023-03-13 09:53:09,51.02155969999999,3.7632453,2023-03-13 09:53:04,0.08333333333333333,51.01579,3.7754406,1.069713176795152,770.1934872925095,Anomaly
102,2023-03-13 09:53:13,51.0157955,3.775425,2023-03-13 09:53:09,0.06666666666666667,51.02155969999999,3.7632453,1.0684703223434544,961.623290109109,Anomaly
102,2023-04-25 15:13:55,50.981094,3.8023241,2023-04-25 15:13:50,0.08333333333333333,50.9935438,3.8023135,1.3850159747891209,997.2115018481671,Anomaly
102,2023-04-25 15:14:55,50.981094,3.8023241,2023-04-25 15:14:51,0.06666666666666667,51.0025008,3.7974111,2.4063180343725645,2165.6862309353082,Anomaly
102,2023-04-25 15:15:55,51.0030785,3.7963468,2023-04-25 15:15:54,0.016666666666666666,50.981094,3.8023241,2.4814783168046217,8933.321940496638,Anomaly
102,2023-04-25 15:16:55,50.981094,3.8023241,2023-04-25 15:16:54,0.016666666666666666,51.0061607,3.7909246,2.901197928066653,10444.312541039952,Anomaly
102,2023-04-25 15:17:54,51.0154155,3.7732746,2023-04-25 15:16:55,0.9833333333333333,50.981094,3.8023241,4.328669517270909,264.12220783347925,Anomaly
102,2023-04-25 15:17:58,50.981094,3.8023241,2023-04-25 15:17:54,0.06666666666666667,51.0154155,3.7732746,4.328669517270909,3895.802565543818,Anomaly
102,2023-04-25 15:18:55,51.0201495,3.7644865,2023-04-25 15:17:58,0.95,50.981094,3.8023241,5.092398836636427,321.6251896823007,Anomaly
102,2023-04-25 15:18:58,50.981094,3.8023241,2023-04-25 15:18:55,0.05,51.0201495,3.7644865,5.092398836636427,6110.878603963712,Anomaly
102,2023-04-25 15:19:55,51.0201531,3.7645026,2023-04-25 15:18:58,0.95,50.981094,3.8023241,5.092151153688406,321.6095465487415,Anomaly
102,2023-04-25 15:19:59,50.981094,3.8023241,2023-04-25 15:19:55,0.06666666666666667,51.0201531,3.7645026,5.092151153688406,4582.936038319565,Anomaly
102,2023-04-25 15:20:58,51.0233635,3.7584245,2023-04-25 15:19:59,0.9833333333333333,50.981094,3.8023241,5.622127861147136,343.04508983270665,Anomaly
102,2023-04-25 15:20:59,50.981094,3.8023241,2023-04-25 15:20:58,0.016666666666666666,51.0233635,3.7584245,5.622127861147136,20239.66030012969,Anomaly
102,2023-04-25 15:21:57,51.0290915,3.7475469,2023-04-25 15:20:59,0.9666666666666667,50.981094,3.8023241,6.579845336066364,408.4041932730847,Anomaly
102,2023-04-25 15:21:59,50.981094,3.8023241,2023-04-25 15:21:57,0.03333333333333333,51.0290915,3.7475469,6.579845336066364,11843.721604919454,Anomaly
102,2023-04-25 15:23:48,51.0319598,3.724841,2023-04-25 15:22:58,0.8333333333333334,50.981094,3.8023241,7.848387548102028,565.083903463346,Anomaly
102,2023-04-25 15:23:58,50.981094,3.8023241,2023-04-25 15:23:48,0.16666666666666666,51.0319598,3.724841,7.848387548102028,2825.4195173167304,Anomaly
102,2023-04-25 15:24:49,51.0345711,3.7134201,2023-04-25 15:23:58,0.85,50.981094,3.8023241,8.621404922222771,608.5697592157251,Anomaly
102,2023-04-25 15:24:58,50.981094,3.8023241,2023-04-25 15:24:49,0.15,51.0345711,3.7134201,8.621404922222771,3448.5619688891084,Anomaly
102,2023-04-25 15:25:51,51.0354675,3.7100804,2023-04-25 15:24:58,0.8833333333333333,50.981094,3.8023241,8.860275170880044,601.8300116069464,Anomaly
102,2023-05-09 05:22:02,51.1264872,3.6674908,2023-05-09 05:21:51,0.18333333333333332,51.1161908,3.683917,1.6232033549852394,531.2301889042602,Anomaly
102,2023-05-09 05:22:50,51.1078168,3.7008515,2023-05-09 05:22:02,0.8,51.1264872,3.6674908,3.125848938743957,234.43867040579678,Anomaly
102,2023-05-09 05:23:03,51.1264872,3.6674908,2023-05-09 05:22:50,0.21666666666666667,51.1078168,3.7008515,3.125848938743957,865.6197061137111,Anomaly
102,2023-05-09 05:23:50,51.1069056,3.7027116,2023-05-09 05:23:03,0.7833333333333333,51.1264872,3.6674908,3.29057720781257,252.04421166223943,Anomaly
102,2023-05-09 05:24:03,51.1264872,3.6674908,2023-05-09 05:23:50,0.21666666666666667,51.1069056,3.7027116,3.29057720781257,911.236765240404,Anomaly
102,2023-05-09 05:24:51,51.1032928,3.7086194,2023-05-09 05:24:03,0.8,51.1264872,3.6674908,3.866882417946085,290.01618134595634,Anomaly
102,2023-05-09 05:25:07,51.1264872,3.6674908,2023-05-09 05:24:51,0.26666666666666666,51.1032928,3.7086194,3.866882417946085,870.0485440378691,Anomaly
102,2023-05-09 05:25:54,51.094938,3.7184343,2023-05-09 05:25:07,0.7833333333333333,51.1264872,3.6674908,5.004685599443456,383.337620382903,Anomaly
102,2023-05-09 05:26:07,51.1264872,3.6674908,2023-05-09 05:25:54,0.21666666666666667,51.094938,3.7184343,5.004685599443456,1385.9129352304953,Anomaly
102,2023-05-09 05:26:54,51.088656,3.7195412,2023-05-09 05:26:07,0.7833333333333333,51.1264872,3.6674908,5.567952910152769,426.4814995010632,Anomaly
102,2023-05-09 05:27:07,51.1264872,3.6674908,2023-05-09 05:26:54,0.21666666666666667,51.088656,3.7195412,5.567952910152769,1541.894652042305,Anomaly
102,2023-05-09 05:27:55,51.087966,3.7193277,2023-05-09 05:27:07,0.8,51.1264872,3.6674908,5.616541887985964,421.24064159894726,Anomaly
102,2023-05-09 05:28:07,51.1264872,3.6674908,2023-05-09 05:27:55,0.2,51.087966,3.7193277,5.616541887985964,1684.962566395789,Anomaly
102,2023-05-09 05:28:54,51.0779616,3.7162586,2023-05-09 05:28:07,0.7833333333333333,51.1264872,3.6674908,6.388404881305595,489.324629206386,Anomaly
102,2023-05-09 05:29:07,51.1264872,3.6674908,2023-05-09 05:28:54,0.21666666666666667,51.0779616,3.7162586,6.388404881305595,1769.0967363615493,Anomaly
102,2023-05-09 05:29:54,51.0732728,3.7296709,2023-05-09 05:29:07,0.7833333333333333,51.1264872,3.6674908,7.349712725519938,562.9567194015272,Anomaly
102,2023-05-09 05:30:10,51.1264872,3.6674908,2023-05-09 05:29:54,0.26666666666666666,51.0732728,3.7296709,7.349712725519938,1653.685363241986,Anomaly
102,2023-05-09 05:30:58,51.0683473,3.7417761,2023-05-09 05:30:10,0.8,51.1264872,3.6674908,8.301489550284634,622.6117162713475,Anomaly
102,2023-05-09 05:31:10,51.1264872,3.6674908,2023-05-09 05:30:58,0.2,51.0683473,3.7417761,8.301489550284634,2490.44686508539,Anomaly
102,2023-05-09 05:31:58,51.0615529,3.7398938,2023-05-09 05:31:10,0.8,51.1264872,3.6674908,8.826835895472888,662.0126921604666,Anomaly
102,2023-05-09 05:32:10,51.1264872,3.6674908,2023-05-09 05:31:58,0.2,51.0615529,3.7398938,8.826835895472888,2648.0507686418664,Anomaly
102,2023-05-09 05:32:58,51.0563141,3.7407007,2023-05-09 05:32:10,0.8,51.1264872,3.6674908,9.340917493778228,700.5688120333671,Anomaly
102,2023-05-09 05:33:11,51.1264872,3.6674908,2023-05-09 05:32:58,0.21666666666666667,51.0563141,3.7407007,9.340917493778228,2586.715613661663,Anomaly
102,2023-05-09 05:33:58,51.0552602,3.7409093,2023-05-09 05:33:11,0.7833333333333333,51.1264872,3.6674908,9.447107221739373,723.6082127289733,Anomaly
102,2023-05-09 05:34:10,51.1264872,3.6674908,2023-05-09 05:33:58,0.2,51.0552602,3.7409093,9.447107221739373,2834.1321665218115,Anomaly
102,2023-05-09 05:34:59,51.0552474,3.7409076,2023-05-09 05:34:10,0.8166666666666667,51.1264872,3.6674908,9.448237209300489,694.1562031322809,Anomaly
102,2023-05-19 17:59:04,51.033289,3.7192882,2023-05-19 17:59:01,0.05,51.0377826,3.7009232,1.3817943206782803,1658.1531848139364,Anomaly
102,2023-05-19 18:00:04,51.033289,3.7192882,2023-05-19 18:00:01,0.05,51.0378987,3.691063,2.0451660786442987,2454.1992943731584,Anomaly
102,2023-07-23 13:31:14,51.0712821,3.7417906,2023-07-23 13:31:03,0.18333333333333332,51.0763227,3.7164721,1.8609762889216273,609.0467854652599,Anomaly
102,2023-07-23 13:32:15,51.0628247,3.739662,2023-07-23 13:32:03,0.2,51.0763227,3.7164721,2.2129175174216407,663.8752552264922,Anomaly
102,2023-07-23 13:33:15,51.057963,3.7405147,2023-07-23 13:33:03,0.2,51.0763227,3.7164721,2.6480312164381328,794.4093649314398,Anomaly
102,2023-07-23 13:34:02,51.0763227,3.7164721,2023-07-23 13:33:15,0.7833333333333333,51.057963,3.7405147,2.6480312164381328,202.8279229612187,Anomaly
102,2023-07-23 13:34:15,51.0548065,3.7410297,2023-07-23 13:34:02,0.21666666666666667,51.0763227,3.7164721,2.9483982731551936,816.4795217968228,Anomaly
102,2023-07-23 13:35:07,51.0763227,3.7164721,2023-07-23 13:35:05,0.03333333333333333,51.0547998,3.7410336,2.949163103838358,5308.493586909044,Anomaly
102,2023-07-23 13:36:08,51.0547162,3.7410576,2023-07-23 13:36:07,0.016666666666666666,51.0763227,3.7164721,2.9576999602669036,10647.719856960854,Anomaly
102,2023-07-23 13:37:08,51.0478928,3.745692,2023-07-23 13:37:07,0.016666666666666666,51.0763227,3.7164721,3.7682141011803347,13565.570764249205,Anomaly
102,2023-07-23 13:38:07,51.0763227,3.7164721,2023-07-23 13:37:08,0.9833333333333333,51.0478928,3.745692,3.7682141011803347,229.92492820761368,Anomaly
102,2023-07-23 13:38:08,51.0393251,3.7555352,2023-07-23 13:38:07,0.016666666666666666,51.0763227,3.7164721,4.943861241483282,17797.900469339816,Anomaly
102,2023-07-23 13:40:11,51.0763227,3.7164721,2023-07-23 13:40:08,0.05,51.0328858,3.7563125,5.581627229279132,6697.952675134958,Anomaly
102,2023-07-23 13:42:12,51.0323814,3.7352116,2023-07-23 13:42:11,0.016666666666666666,51.0763227,3.7164721,5.061942171880907,18222.991818771265,Anomaly
102,2023-07-23 13:44:12,51.0334325,3.7186481,2023-07-23 13:44:11,0.016666666666666666,51.0763227,3.7164721,4.773944510915123,17186.20023929444,Anomaly
102,2023-07-23 13:45:04,51.0763227,3.7164721,2023-07-23 13:44:12,0.8666666666666667,51.0334325,3.7186481,4.773944510915123,330.5038507556623,Anomaly
102,2023-07-23 13:45:12,51.0354768,3.7115208,2023-07-23 13:45:04,0.13333333333333333,51.0763227,3.7164721,4.557321014836121,2050.7944566762544,Anomaly
102,2023-07-23 13:46:05,51.0763227,3.7164721,2023-07-23 13:45:12,0.8833333333333333,51.0354768,3.7115208,4.557321014836121,309.55388025301954,Anomaly
102,2023-07-23 13:46:15,51.0357394,3.7101998,2023-07-23 13:46:05,0.16666666666666666,51.0763227,3.7164721,4.536233073488511,1633.043906455864,Anomaly
102,2023-07-23 13:47:04,51.0763227,3.7164721,2023-07-23 13:46:15,0.8166666666666667,51.0357394,3.7101998,4.536233073488511,333.2742666236457,Anomaly
102,2023-07-23 13:47:15,51.0357517,3.7101963,2023-07-23 13:47:04,0.18333333333333332,51.0763227,3.7164721,4.53489495694732,1484.1474404554867,Anomaly
102,2023-07-28 05:26:22,51.0330334,3.7200857,2023-07-28 05:26:17,0.08333333333333333,51.0368787,3.7042722,1.1888677175221491,855.9847566159475,Anomaly
102,2023-07-28 05:27:26,51.0330334,3.7200857,2023-07-28 05:27:17,0.15,51.0388505,3.6963878,1.7837824956201371,713.5129982480548,Anomaly
102,2023-07-28 05:28:26,51.0330334,3.7200857,2023-07-28 05:28:20,0.1,51.0306656,3.685245,2.458215551277777,1474.929330766666,Anomaly
102,2023-07-28 05:29:20,51.015168,3.6748061,2023-07-28 05:28:26,0.9,51.0330334,3.7200857,3.747360162614538,249.82401084096918,Anomaly
102,2023-07-28 05:29:27,51.0330334,3.7200857,2023-07-28 05:29:20,0.11666666666666667,51.015168,3.6748061,3.747360162614538,1927.2137979160482,Anomaly
102,2023-07-28 05:30:20,51.0017398,3.6616954,2023-07-28 05:29:27,0.8833333333333333,51.0330334,3.7200857,5.376621127706582,365.20445395742826,Anomaly
102,2023-08-05 06:07:01,50.9966158,3.6497047,2023-08-05 06:06:48,0.21666666666666667,50.9829763,3.6359545,1.7984682357218924,498.037357584524,Anomaly
102,2023-08-05 06:07:47,50.9688787,3.6295587,2023-08-05 06:07:01,0.7666666666666667,50.9966158,3.6497047,3.3945497425344207,265.66041463312854,Anomaly
102,2023-08-05 06:08:55,50.9966158,3.6497047,2023-08-05 06:08:51,0.06666666666666667,50.9607481,3.6279895,4.271712746196764,3844.5414715770876,Anomaly
102,2023-08-05 06:09:51,50.9607416,3.6279634,2023-08-05 06:08:55,0.9333333333333333,50.9966158,3.6497047,4.273042890856728,274.6956144122182,Anomaly
102,2023-08-05 06:09:56,50.9966158,3.6497047,2023-08-05 06:09:51,0.08333333333333333,50.9607416,3.6279634,4.273042890856728,3076.5908814168447,Anomaly
102,2023-08-05 06:10:51,50.956501,3.6288389,2023-08-05 06:09:56,0.9166666666666666,50.9966158,3.6497047,4.697142710388131,307.44934104358674,Anomaly
102,2023-08-05 06:10:56,50.9966158,3.6497047,2023-08-05 06:10:51,0.08333333333333333,50.956501,3.6288389,4.697142710388131,3381.9427514794547,Anomaly
102,2023-08-05 06:11:51,50.9452589,3.6334186,2023-08-05 06:10:56,0.9166666666666666,50.9966158,3.6497047,5.826738084083584,381.38649277638007,Anomaly
102,2023-08-05 06:11:56,50.9966158,3.6497047,2023-08-05 06:11:51,0.08333333333333333,50.9452589,3.6334186,5.826738084083584,4195.251420540181,Anomaly
102,2023-08-05 06:12:51,50.9330984,3.6384083,2023-08-05 06:11:56,0.9166666666666666,50.9966158,3.6497047,7.110581232558143,465.41986249471483,Anomaly
102,2023-08-05 06:12:56,50.9966158,3.6497047,2023-08-05 06:12:51,0.08333333333333333,50.9330984,3.6384083,7.110581232558143,5119.618487441864,Anomaly
102,2023-08-05 06:13:54,50.9285413,3.6402919,2023-08-05 06:12:56,0.9666666666666667,50.9966158,3.6497047,7.601939163577013,471.8444998082284,Anomaly
102,2023-08-05 06:13:59,50.9966158,3.6497047,2023-08-05 06:13:54,0.08333333333333333,50.9285413,3.6402919,7.601939163577013,5473.39619777545,Anomaly
102,2023-08-05 06:14:55,50.9285485,3.640339,2023-08-05 06:13:59,0.9333333333333333,50.9966158,3.6497047,7.600854057613662,488.62633227516403,Anomaly
102,2023-08-05 06:14:59,50.9966158,3.6497047,2023-08-05 06:14:55,0.06666666666666667,50.9285485,3.640339,7.600854057613662,6840.768651852296,Anomaly
102,2023-08-05 06:15:54,50.9240183,3.6421712,2023-08-05 06:14:59,0.9166666666666666,50.9966158,3.6497047,8.093616543322268,529.7639919265484,Anomaly
102,2023-08-05 06:16:00,50.9966158,3.6497047,2023-08-05 06:15:54,0.1,50.9240183,3.6421712,8.093616543322268,4856.16992599336,Anomaly
102,2023-08-05 06:16:55,50.9142454,3.6461555,2023-08-05 06:16:00,0.9166666666666666,50.9966158,3.6497047,9.166887617503898,600.0144622366188,Anomaly
102,2023-08-05 06:17:00,50.9966158,3.6497047,2023-08-05 06:16:55,0.08333333333333333,50.9142454,3.6461555,9.166887617503898,6600.1590846028075,Anomaly
102,2023-08-05 06:17:55,50.9091859,3.6465509,2023-08-05 06:17:00,0.9166666666666666,50.9966158,3.6497047,9.728871244971636,636.7988451254162,Anomaly
102,2023-08-05 06:18:00,50.9966158,3.6497047,2023-08-05 06:17:55,0.08333333333333333,50.9091859,3.6465509,9.728871244971636,7004.787296379579,Anomaly
102,2023-08-05 06:18:52,50.9524928,3.64806585,2023-08-05 06:18:00,0.8666666666666667,50.9966158,3.6497047,4.909935658272955,339.91862249581993,Anomaly
102,2023-08-05 06:20:52,50.8931035,3.643594,2023-08-05 06:19:52,1.0,50.95032745,3.6476349,6.37231799350162,382.3390796100972,Anomaly
102,2023-08-05 06:20:53,50.9966158,3.6497047,2023-08-05 06:20:52,0.016666666666666666,50.8931035,3.643594,11.523461280963376,41484.46061146815,Anomaly
102,2023-08-05 06:21:52,50.8839442,3.6324038,2023-08-05 06:20:53,0.9833333333333333,50.9966158,3.6497047,12.593242186968988,768.4012181879383,Anomaly
102,2023-08-05 12:28:05,51.0584386,3.7403649,2023-08-05 12:27:53,0.2,51.0715271,3.7415289,1.4583737867964086,437.51213603892256,Anomaly
102,2023-08-05 12:29:05,51.0584386,3.7403649,2023-08-05 12:28:56,0.15,51.0731363,3.7270822,1.881629899290728,752.6519597162912,Anomaly
102,2023-08-05 12:30:06,51.0584386,3.7403649,2023-08-05 12:29:56,0.16666666666666666,51.0778401,3.7161817,2.744476104370967,988.0113975735483,Anomaly
102,2023-08-05 12:30:56,51.0843124,3.7181257,2023-08-05 12:30:06,0.8333333333333334,51.0584386,3.7403649,3.2734022328432553,235.68496076471436,Anomaly
102,2023-08-05 12:31:05,51.0584386,3.7403649,2023-08-05 12:30:56,0.15,51.0843124,3.7181257,3.2734022328432553,1309.3608931373021,Anomaly
102,2023-08-05 12:31:57,51.0881168,3.7192946,2023-08-05 12:31:05,0.8666666666666667,51.0584386,3.7403649,3.6168997600499604,250.4007526188434,Anomaly
102,2023-08-05 12:31:59,51.0584386,3.7403649,2023-08-05 12:31:57,0.03333333333333333,51.0881168,3.7192946,3.6168997600499604,6510.419568089928,Anomaly
102,2023-08-05 12:32:56,51.0886109,3.7194578,2023-08-05 12:31:59,0.95,51.0584386,3.7403649,3.6625522752979243,231.31909107144787,Anomaly
102,2023-08-05 12:32:59,51.0584386,3.7403649,2023-08-05 12:32:56,0.05,51.0886109,3.7194578,3.6625522752979243,4395.062730357509,Anomaly
102,2023-08-05 12:37:03,51.0584386,3.7403649,2023-08-05 12:37:00,0.05,51.1069739,3.7025187,6.0156574887336784,7218.788986480414,Anomaly
102,2023-08-05 12:38:00,51.111502,3.6934,2023-08-05 12:37:03,0.95,51.0584386,3.7403649,6.758572292339082,426.85719741088946,Anomaly
102,2023-08-05 12:38:03,51.0584386,3.7403649,2023-08-05 12:38:00,0.05,51.111502,3.6934,6.758572292339082,8110.2867508068975,Anomaly
102,2023-08-05 12:38:53,51.1194824,3.6773366,2023-08-05 12:38:03,0.8333333333333334,51.0584386,3.7403649,8.100626406160611,583.2451012435639,Anomaly
102,2023-08-05 12:39:03,51.0584386,3.7403649,2023-08-05 12:38:53,0.16666666666666666,51.1194824,3.6773366,8.100626406160611,2916.22550621782,Anomaly
102,2023-08-05 12:39:53,51.1260731,3.6681119,2023-08-05 12:39:03,0.8333333333333334,51.0584386,3.7403649,9.068561255229145,652.9364103764984,Anomaly
102,2023-08-05 12:40:03,51.0584386,3.7403649,2023-08-05 12:39:53,0.16666666666666666,51.1260731,3.6681119,9.068561255229145,3264.6820518824925,Anomaly
102,2023-08-05 12:40:53,51.1265161,3.6674281,2023-08-05 12:40:03,0.8333333333333334,51.0584386,3.7403649,9.136187923505267,657.8055304923791,Anomaly
102,2023-08-05 12:41:03,51.0584386,3.7403649,2023-08-05 12:40:53,0.16666666666666666,51.1265161,3.6674281,9.136187923505267,3289.027652461896,Anomaly
102,2023-08-05 12:41:53,51.131818,3.6569523,2023-08-05 12:41:03,0.8333333333333334,51.0584386,3.7403649,10.039289666101139,722.8288559592819,Anomaly
102,2023-08-05 12:42:06,51.0584386,3.7403649,2023-08-05 12:41:53,0.21666666666666667,51.131818,3.6569523,10.039289666101139,2780.110984458777,Anomaly
102,2023-08-05 12:42:53,51.1398481,3.6395492,2023-08-05 12:42:06,0.7833333333333333,51.0584386,3.7403649,11.484636736201026,879.6743031983765,Anomaly
102,2023-08-05 12:43:06,51.0584386,3.7403649,2023-08-05 12:42:53,0.21666666666666667,51.1398481,3.6395492,11.484636736201026,3180.3609423325915,Anomaly
102,2023-08-05 12:43:57,51.1502409,3.6216228,2023-08-05 12:43:06,0.85,51.0584386,3.7403649,13.170936958290554,929.7131970558038,Anomaly
102,2023-08-05 12:44:07,51.0584386,3.7403649,2023-08-05 12:43:57,0.16666666666666666,51.1502409,3.6216228,13.170936958290554,4741.5373049846,Anomaly
102,2023-08-05 12:44:57,51.1545289,3.6150013,2023-08-05 12:44:07,0.8333333333333334,51.0584386,3.7403649,13.833557976478337,996.0161743064402,Anomaly
102,2023-09-10 15:54:43,51.0032606,3.796055,2023-09-10 15:54:42,0.016666666666666666,51.0135867,3.7770818,1.758665047134806,6331.194169685302,Anomaly
102,2023-09-10 15:55:43,51.0032606,3.796055,2023-09-10 15:55:42,0.016666666666666666,51.0168266,3.770686,2.334033814250575,8402.521731302071,Anomaly
102,2023-09-10 15:56:42,51.0032606,3.796055,2023-09-10 15:56:35,0.11666666666666667,51.0194956,3.7662369,2.764280774962714,1421.630112837967,Anomaly
102,2023-09-10 15:57:35,51.021396,3.7631214,2023-09-10 15:56:42,0.8833333333333333,51.0032606,3.796055,3.0679515473041086,208.3891617036753,Anomaly
103,2023-03-10 06:23:35,50.2999652,4.3914791,2023-03-10 06:22:34,1.0166666666666666,50.3825625,4.3881846,9.190755816550459,542.4052613046173,Anomaly
104,2023-03-14 07:32:23,50.4004818,4.4590659,2023-03-14 07:31:24,0.9833333333333333,50.4330157,4.4053047,5.262816914404006,321.1210320653292,Anomaly
104,2023-06-09 08:39:27,50.2914473,4.3924025,2023-06-09 08:38:27,1.0,50.4071389,4.4134107,12.955622231966972,777.3373339180183,Anomaly
